<?xml version="1.0" encoding="UTF-8"?>
<project-private xmlns="http://www.netbeans.org/ns/project-private/1">
    <editor-bookmarks xmlns="http://www.netbeans.org/ns/editor-bookmarks/2" lastBookmarkId="0"/>
    <open-files xmlns="http://www.netbeans.org/ns/projectui-open-files/2">
        <group>
            <file>file:/C:/Users/abdul/OneDrive/Desktop/Pharmacyy/Pharmacyy/src/pharmacyy/Pharmacyy.java</file>
            <file>file:/C:/Users/abdul/OneDrive/Desktop/Pharmacyy/Pharmacyy/src/pharmacyy/AddMedicine.java</file>
            <file>file:/C:/Users/abdul/OneDrive/Desktop/Pharmacyy/Pharmacyy/src/pharmacyy/login.java</file>
            <file>file:/C:/Users/abdul/OneDrive/Desktop/Pharmacyy/Pharmacyy/src/pharmacyy/ViewMedicine.java</file>
            <file>file:/C:/Users/abdul/OneDrive/Desktop/Pharmacyy/Pharmacyy/src/pharmacyy/Dashboard.java</file>
            <file>file:/C:/Users/abdul/OneDrive/Desktop/Pharmacyy/Pharmacyy/src/pharmacyy/bill.java</file>
            <file>file:/C:/Users/abdul/OneDrive/Desktop/Pharmacyy/Pharmacyy/src/pharmacyy/SellMedicine.java</file>
            <file>file:/C:/Users/abdul/OneDrive/Desktop/Pharmacyy/Pharmacyy/src/pharmacyy/AddUser.java</file>
        </group>
    </open-files>
</project-private>
